Model,Accuracy,AUC,Recall,Prec.,F1,Kappa,MCC,roc_auc,test_log_loss,test_f1
Logistic Regression,0.5684,0.5926,0.5328,0.5495,0.541,0.1339,0.134,0.5925739813561138,0.6798832300762166,0.5410222804718218
