Metrica,Valor
Log Loss,0.885565605750316
F1 Score,0.35331230283911674
Acurácia,"(0.5454545454545454,)"
Precisão,"(0.3323442136498516,)"
Recall,0.3771043771043771
AUC,0.5082190901979698
