Model,Accuracy,AUC,Recall,Prec.,F1,Kappa,MCC,roc_auc,test_log_loss,test_f1
Decision Tree Classifier,0.5741,0.5777,0.4863,0.5624,0.5216,0.1414,0.1426,0.577721335268505,0.9093555371092524,0.521594684385382
